CHR,POS,SNPID,Allele1,Allele2,AC_Allele2,AF_Allele2,imputationInfo,N,BETA,SE,Tstat,p.value,p.value.NA,Is.SPA.converge,varT,varTstar,AF.Cases,AF.Controls,N.Cases,N.Controls,homN_Allele2_cases,hetN_Allele2_cases,homN_Allele2_ctrls,hetN_Allele2_ctrls
22,47391069,rs16999686,G,A,82,0.259493678808212,1,158,2.39518271925414,0.661250701493683,7.31776137699674,0.0002921074029736,2.83200543100164e-05,1,3.05519963807834,3.07470972323751,0.785714285714286,0.235099337748344,7,151,5,1,11,49
5,174741914,rs2431135,T,G,56,0.177215188741684,1,158,2.66525146118211,0.806612726398944,5.48175595578451,0.000952302962283168,0.000132193004399875,1,2.05675000487691,2.06988412784752,0.571428571428571,0.158940397350993,7,151,2,4,4,40
5,9464249,rs6879538,C,T,104.662422180176,0.331210196018219,1,158,1.98497385298367,0.60311258822905,6.32033864064068,0.000997552543215077,0.000397117599544157,1,3.18409163482955,3.20442480657252,0.785714285714286,0.310140464874293,7,151,4,3,16,62
19,16717864,rs773916,C,T,24.1528663635254,0.0764331221580505,1,158,3.82507668798527,1.21907484317055,4.05765467784909,0.00170285944874769,8.16006470123418e-05,1,1.06080348417441,1.06757762948899,0.368061874594007,0.0629139072847682,7,151,2,1,0,19
13,111568676,rs4362282,G,A,28.1783447265625,0.089171975851059,1,158,3.61783497030491,1.15320914374371,3.9016897949445,0.00170576166493324,0.000171905756163898,1,1.07845985982486,1.08534675632867,0.369881710835866,0.076158940397351,7,151,1,3,0,23
19,10256683,rs5498,A,G,121.770698547363,0.385350316762924,1,158,1.86251879898344,0.623029502241506,5.34136316400932,0.00279475408003315,0.00160990193229772,1,2.86781704803442,2.88613053371657,0.769335759537561,0.367549668874172,7,151,4,3,16,79
14,21660502,rs11621810,A,G,140.891723632812,0.445859879255295,1,158,1.70897798331196,0.57313793226074,5.72054558683256,0.00286566814728428,0.00176776989553077,1,3.34734890834947,3.36872461861252,0.857142857142857,0.426793774034803,7,151,5,2,27,75
8,27592835,rs473024,T,C,65,0.205696195363998,1,158,2.29706756611647,0.788009267128288,4.09245169181808,0.00355658818646145,0.00216909944230768,1,1.78159830915944,1.79297535120209,0.5,0.19205298013245,7,151,0,7,2,54
4,140084396,rs6812265,C,T,151.961776733398,0.480891734361649,1,158,1.72744984640189,0.6020034733794,5.23455454222982,0.00411119433206615,0.00263784720106655,1,3.03022085019306,3.04957142424443,0.857142857142857,0.463449614134845,7,151,5,2,28,84
2,232281518,rs1865373,G,A,110.700637817383,0.35031846165657,1,158,1.63771972176097,0.593481709720582,5.06336042019679,0.00578878142229338,0.00398121008750227,1,3.09171365094901,3.11145690957799,0.714285714285714,0.333445817626865,7,151,4,2,16,69
7,46855458,rs6954269,G,A,139.885345458984,0.442675173282623,1,158,1.71461376987966,0.626438987731787,4.77498224601428,0.00619871729835054,0.00421858162674034,1,2.78487338075525,2.80265719957313,0.785714285714286,0.426772683266772,7,151,4,3,21,87
4,73276333,rs13435787,C,A,109.07096862793,0.345161288976669,1,158,1.57019134824599,0.576075469583658,5.13117835388726,0.00641712144860367,0.00453298820202261,1,3.26786818665071,3.28873634394422,0.714285714285714,0.328049562032649,7,151,4,2,18,64
4,166196983,rs6852326,G,A,94,0.297468364238739,1,158,1.62512877503693,0.603892916498179,4.80620089554464,0.00712194786193842,0.00519379149852048,1,2.95742772472627,2.97631345187887,0.642857142857143,0.281456953642384,7,151,2,5,14,57
12,5189961,rs7298815,A,C,135,0.427215188741684,1,158,1.560967555002,0.581005662550333,4.98723871323085,0.00721693023516733,0.00526841871981069,1,3.19496628693507,3.2153689027124,0.785714285714286,0.410596026490066,7,151,4,3,24,76
15,57243272,rs2242323,G,A,76,0.240506336092949,1,158,1.70876866597822,0.639474561979042,4.59719888430628,0.00753681042657702,0.00506649541493849,1,2.69035766855808,2.70753792302263,0.571428571428571,0.225165562913907,7,151,2,4,10,48
1,41508915,rs4660531,G,T,107.681526184082,0.340764343738556,1,158,-1.60679831939208,0.605228910290909,-4.739485127593,0.00793412150000074,0.00578720253256238,1,2.94964531042461,2.96848134014865,0,0.356561353269792,7,151,0,0,18,72
4,149936685,rs10049928,A,G,90.5732498168945,0.286624193191528,1,158,1.66222101992182,0.627677800960943,4.52667787488257,0.00809198557650377,0.00608708817667675,1,2.72327074476261,2.74066117761014,0.612374884741647,0.271523178807947,7,151,2,5,11,60
3,97727465,rs690994,A,G,62.394905090332,0.197452232241631,1,158,1.84889083280227,0.700580831076302,4.20797694362797,0.00831306701548229,0.0052825165660524,1,2.27594667514801,2.29048055794127,0.5,0.18342683597511,7,151,2,3,6,43
8,71863153,rs10504482,C,T,21.1337585449219,0.0668789818882942,1,158,3.16234680042771,1.20226392733899,3.04023712663203,0.00853028712912196,0.0019306970695348,1,0.961386374897539,0.9675256562104,0.285714285714286,0.0567342978933,7,151,1,2,1,15
5,102891426,rs34225,G,T,83,0.26265823841095,1,158,1.66050191581993,0.642241705239965,4.29611725029921,0.00972440274085176,0.00756480061324919,1,2.58724016477744,2.60376192502934,0.571428571428571,0.248344370860927,7,151,1,6,10,55
11,45171149,rs7108362,C,A,40.7741928100586,0.129032254219055,1,158,2.25794065269898,0.873659768600941,3.43051094224795,0.00975309931148578,0.00538349187133488,1,1.51930961433701,1.52901171680829,0.375576036317008,0.117603076214822,7,151,1,3,2,31
18,55884408,rs8085349,A,G,153.922576904297,0.487096786499023,1,158,1.35450717273584,0.527688639401703,5.1496315586375,0.0102621618722078,0.00826463905165281,1,3.80184886598736,3.82612695053975,0.857142857142857,0.46994232026157,7,151,6,0,37,68
9,19759000,rs6475366,G,A,162,0.51265823841095,1,158,1.45855767489995,0.569946529115377,4.79036805465931,0.0104939569858588,0.00821025661141303,1,3.28431856833355,3.3052917755045,0.857142857142857,0.496688741721854,7,151,5,2,36,78
10,43882693,rs7898629,G,A,23,0.072784811258316,1,158,2.90318232300406,1.13491491169509,2.96033044709826,0.0105257426912325,0.00337202175833322,1,1.01968464868409,1.02619621476421,0.285714285714286,0.0629139072847682,7,151,1,2,1,17
4,111146343,rs2347130,G,A,53.3375778198242,0.168789803981781,1,158,1.98363610538229,0.775482600840947,3.61088048796931,0.0105294983612385,0.00744361942924504,1,1.82033412185418,1.83195852547509,0.428571428571429,0.15674695234425,7,151,0,6,4,39
7,147665653,rs4726984,G,A,102,0.322784811258316,1,158,1.53613158997939,0.607306843944493,4.44998283141245,0.0114252550048598,0.00893507094946934,1,2.89687606220776,2.91537511476224,0.642857142857143,0.30794701986755,7,151,4,1,12,69
3,65241112,rs10510938,T,G,38,0.120253168046474,1,158,2.19581092250063,0.87436540320765,3.29311675745821,0.0120280765860282,0.00716528180527349,1,1.49972692262044,1.50930397271273,0.357142857142857,0.109271523178808,7,151,2,1,1,31
4,84050457,rs17351947,T,C,27,0.0854430347681046,1,158,2.68277989283574,1.06869120488822,2.78373428528218,0.0120614451674235,0.00628001780795146,1,1.03763051628501,1.04425668221019,0.285714285714286,0.076158940397351,7,151,0,4,1,21
1,70570456,rs7523188,A,G,78.4968185424805,0.248407647013664,1,158,1.64543297013722,0.658856248560769,3.99323288962672,0.0125104867274997,0.0103677164478742,1,2.42685843914608,2.44235602373167,0.535486806716238,0.235099337748344,7,151,2,3,7,57
18,45616406,rs506696,C,A,100,0.316455692052841,1,158,1.4282425336719,0.577711758219297,4.53539525809907,0.0134269071246275,0.010923966166072,1,3.17550776648482,3.19578612282382,0.642857142857143,0.301324503311258,7,151,4,1,15,61
10,58749681,rs4568922,T,C,40.2547760009766,0.127388536930084,1,158,2.11092315858068,0.856455907674862,3.19662373109174,0.013712073528022,0.00938619283046185,1,1.51432500898851,1.52399528045483,0.357142857142857,0.116737672430001,7,151,0,5,3,29
12,126685221,rs11059315,T,C,26,0.0822784826159477,1,158,2.59148897115875,1.05399414246231,2.83012255813984,0.013942871421114,0.0067653601691526,1,1.09208358192409,1.09905747764558,0.285714285714286,0.0728476821192053,7,151,0,4,2,18
10,101463208,rs2231687,G,A,40,0.126582279801369,1,158,2.08158012222436,0.848496133758552,3.2057540077899,0.0141568670064331,0.0097882430697541,1,1.54005794615499,1.54989254462281,0.357142857142857,0.115894039735099,7,151,2,1,1,33
10,9129166,rs2797266,A,G,104,0.329113930463791,1,158,1.44751883913291,0.592556212194764,4.36531144369843,0.0145722764305572,0.0119459694653297,1,3.015719951744,3.03497792505003,0.642857142857143,0.314569536423841,7,151,2,5,16,63
3,144434536,rs9839394,C,A,145,0.458860754966736,1,158,1.38446740097277,0.567389735719051,4.54800748511518,0.0146846505645431,0.0120971952206485,1,3.28502316625123,3.30600087288768,0.785714285714286,0.443708609271523,7,151,4,3,29,76
18,66907023,rs2156028,A,G,89.5668792724609,0.283439487218857,1,158,-1.55040944343547,0.63851559723182,-3.94220859967395,0.0151762096031375,0.0134264265832432,1,2.54268871772261,2.55892597855419,0,0.296579069451781,7,151,0,0,11,68
7,33251700,rs758780,G,A,149.792205810547,0.474025964736938,1,158,-1.33808398682361,0.553362579785148,-4.60398870447194,0.0156019486841254,0.0130632536575306,1,3.44073223340863,3.46270427675632,0.142857142857143,0.48937817125131,7,151,0,2,37,74
11,26709358,rs7358335,C,T,105.668792724609,0.334394901990891,1,158,1.43086610662722,0.593782772957435,4.28600197374862,0.0159635972425256,0.0132704439294348,1,2.9953899626929,3.01451811148183,0.642857142857143,0.320095330476761,7,151,3,3,15,67
10,43085491,rs2222313,C,A,94,0.297468364238739,1,158,-1.44526094025443,0.600494022599049,-4.13451168534463,0.0160935727608456,0.0145063938637068,1,2.86073716530163,2.8790054398253,0,0.311258278145695,7,151,0,0,15,64
13,49080652,rs5007254,G,A,55,0.174050629138947,1,158,1.73368638834172,0.720699674667155,3.53921903668878,0.0161476952447816,0.0132464414442296,1,2.04144132438743,2.05447768822757,0.428571428571429,0.162251655629139,7,151,2,2,4,41
8,102350550,rs643556,G,T,52,0.164556965231895,1,158,1.6916664845286,0.703923813089568,3.66933102999085,0.0162524995690833,0.0127225659405934,1,2.16906291136539,2.18291424912705,0.428571428571429,0.152317880794702,7,151,2,2,6,34
11,125513490,rs1106944,T,C,30,0.0949367061257362,1,158,2.37854184228752,0.993505774440309,2.65383252068713,0.0166616779872623,0.0119906461491012,1,1.11573926239399,1.12286422004109,0.285714285714286,0.0860927152317881,7,151,0,4,1,24
3,175783953,rs9855684,C,T,107,0.338607609272003,1,158,1.42133380576069,0.595365959235226,4.22808371492266,0.0169713435694636,0.0142289111520728,1,2.97472957991019,2.99372579433303,0.642857142857143,0.324503311258278,7,151,2,5,16,66
6,125612985,rs7761005,A,G,88,0.278481006622314,1,158,-1.51191156176238,0.634498461354427,-3.8718208820102,0.0171794204680044,0.0155430043282489,1,2.56087788461447,2.57723129896696,0,0.291390728476821,7,151,0,0,11,66
4,29095426,rs1155595,A,C,55,0.174050629138947,1,158,1.68611974381466,0.709092037586151,3.54088475285146,0.0174135589779876,0.01454834598792,1,2.10001974405483,2.11343018163534,0.428571428571429,0.162251655629139,7,151,0,6,7,35
3,16841257,rs9867227,G,A,87.5541381835938,0.277070075273514,1,158,1.40611818153774,0.594315822431484,4.09183962750581,0.0179841458775605,0.0164548083197082,1,2.91002540272323,2.92860842515975,0.571428571428571,0.263424305134262,7,151,2,4,13,54
4,109733452,rs1452402,A,C,86,0.27215188741684,1,158,-1.52086708417724,0.643140696211601,-3.78411453292331,0.0180422362397187,0.0164405300832769,1,2.48812968095134,2.50401853526953,0,0.28476821192053,7,151,0,0,10,66
14,98220671,rs17600706,G,T,91,0.287974685430527,1,158,-1.43149066104309,0.605898560092195,-4.00438901274588,0.0181476711862822,0.0166561717654993,1,2.79735601616008,2.81521954737277,0,0.301324503311258,7,151,0,0,14,63
11,94372055,rs1054532,G,A,33,0.104430377483368,1,158,2.27647005695037,0.963785507379655,2.52091501123941,0.0181762001985221,0.0165942437305865,1,1.10737894554893,1.11445051536121,0.285714285714286,0.0960264900662252,7,151,0,4,0,29
3,1613613,rs6779648,G,A,117,0.370253175497055,1,158,-1.40413049737187,0.596605007721565,-4.15460773451887,0.0185958797316372,0.0157228142674979,1,2.95884730250864,2.97774209488994,0.0714285714285714,0.384105960264901,7,151,0,1,20,76
10,126733086,rs7893862,C,T,29.3717956542969,0.0929487198591232,1,158,2.29228753703101,0.977739202452903,2.68222911978633,0.0190537613744652,0.0131528040807952,1,1.17011023986125,1.17758240310086,0.285714285714286,0.0840125658259487,7,151,0,4,2,21
17,4754141,rs8081611,T,C,27.1719741821289,0.0859872624278069,1,158,2.28280100687967,0.976764020476654,2.77606586695743,0.0194336755645698,0.0118230977160283,1,1.21607878154566,1.22384449357721,0.285714285714286,0.0767283924664093,7,151,1,2,2,19
19,36391569,rs1874493,G,A,108,0.341772139072418,1,158,1.36503128839146,0.584792844570196,4.18501222864837,0.0195845511018629,0.0168428780252148,1,3.06587274902684,3.08545099120623,0.642857142857143,0.327814569536424,7,151,4,1,15,69
2,34106879,rs1559644,C,T,115,0.36392405629158,1,158,-1.39450761272928,0.600223631038072,-4.06771000155581,0.0201623217889995,0.0172333458868479,1,2.91695073187492,2.93557797851199,0.0714285714285714,0.377483443708609,7,151,0,1,19,76
11,134113328,rs7943044,G,A,72,0.227848097681999,1,158,1.45918661913219,0.629268443971798,3.78524724652407,0.0204025256004415,0.0187639472350143,1,2.59408028890454,2.61064572924941,0.5,0.21523178807947,7,151,2,3,9,47
7,84199885,rs1534572,A,G,116.73885345459,0.369426757097244,1,158,-1.36105316290512,0.587241912901356,-4.14034678171535,0.0204653919681229,0.0176030148668584,1,3.04201694287821,3.06144284515689,0.0714285714285714,0.383241236801969,7,151,0,1,21,74
3,76735829,rs6793784,C,T,30,0.0949367061257362,1,158,2.21025567271643,0.955048324241486,2.65318670403237,0.0206519986733988,0.0154516957401352,1,1.20039809728056,1.20806367461664,0.285714285714286,0.0860927152317881,7,151,0,4,2,22
1,3423451,rs2493314,G,T,34.2165603637695,0.108280256390572,1,158,2.18800236741868,0.94680098994222,2.46901725688044,0.0208360474336881,0.0201112054265469,1,1.1284344540236,1.13564048142035,0.285714285714286,0.100054836135037,7,151,0,4,0,30
17,5719289,rs888328,C,T,149.897430419922,0.474358975887299,1,158,1.30753397405117,0.566096483815999,4.27665446095514,0.0209027210275217,0.0180440126574619,1,3.27077884462508,3.29166558898054,0.782051282269614,0.460095092555545,7,151,4,3,31,77
7,48276571,rs4083233,T,G,108.687896728516,0.343949049711227,1,158,1.33403076148148,0.579236725513013,4.15662550475411,0.0212741244683489,0.0185328547719547,1,3.11583932302885,3.1357366448853,0.642857142857143,0.330092377812657,7,151,3,3,17,66
1,157747892,rs1023115,A,G,142,0.449367076158524,1,158,-1.29205158353335,0.562890887648551,-4.2666951597479,0.0217110413882182,0.0188779073893936,1,3.30226379049035,3.32335159338464,0.142857142857143,0.463576158940397,7,151,0,2,32,76
6,23695111,rs197971,C,T,115.18709564209,0.364516139030457,1,158,-1.25119080696481,0.547411429276517,-4.34580934346649,0.022274756069483,0.0197095735114053,1,3.47333861412292,3.49551887733831,0.0520737341472081,0.379000213761993,7,151,0,1,26,63
7,32203819,rs2099306,A,G,78.4903259277344,0.248387098312378,1,158,1.51383229008529,0.664351661675142,3.499693866767,0.0226872186590842,0.0213505431650832,1,2.31181081926178,2.32657372555227,0.5,0.236722922483027,7,151,1,5,7,56
2,208805034,rs7355261,G,A,162.077423095703,0.512903213500977,1,158,-1.29916697116715,0.572038849127757,-4.15473526648105,0.0231399155803527,0.020163365988759,1,3.19799945556536,3.21842144074087,0.214285714285714,0.526746421460284,7,151,0,3,40,79
7,102825241,rs123712,A,C,108,0.341772139072418,1,158,-1.43747502640935,0.633210555516185,-3.76045378062724,0.0231992417837846,0.0200727260949288,1,2.61601329521558,2.63271879672555,0.0714285714285714,0.354304635761589,7,151,0,1,14,79
9,115030627,rs7027882,T,C,84.5350341796875,0.267515927553177,1,158,-1.40581457317118,0.619929943524407,-3.7206115299289,0.0233475529344362,0.0221942802226154,1,2.64658768014909,2.66348842548087,0,0.279917324023531,7,151,0,0,12,61
12,76899550,rs1007729,T,C,115,0.36392405629158,1,158,-1.31913460854302,0.581899370286034,-4.06733516444514,0.0233935080257976,0.0205405176793828,1,3.08333595230095,3.10302571209731,0.0714285714285714,0.377483443708609,7,151,0,1,21,72
13,79517401,rs3903948,C,T,49.3121032714844,0.156050950288773,1,158,1.85405608575573,0.81805722345998,2.79588561199652,0.0234260665287813,0.022799345881623,1,1.50798329860496,1.51761307278,0.357142857142857,0.146728814240323,7,151,0,5,1,42
5,136181498,rs7737356,G,T,88.5605087280273,0.280254781246185,1,158,1.41095786591477,0.629691385664507,3.60890081208552,0.0250446517109177,0.0240363589323207,1,2.55776653525069,2.57410008095358,0.540036397320884,0.268211920529801,7,151,1,6,10,61
2,226220394,rs10804326,T,C,93.5526351928711,0.296052634716034,1,158,1.35700399517004,0.607198463151126,3.82810060946672,0.0254264939583747,0.0226552419209821,1,2.82099435454281,2.83900883693692,0.571428571428571,0.283286859657591,7,151,2,4,13,62
5,104593641,rs1501662,C,T,32.2038230895996,0.101910829544067,1,158,2.03228063346297,0.91062552497319,2.55720079887562,0.0256320629980694,0.0226265603400371,1,1.25829118123228,1.26632645584901,0.285714285714286,0.0933901379440004,7,151,1,2,1,26
3,67937025,rs6783207,G,A,60,0.189873412251472,1,158,1.52096229001611,0.682270931832409,3.31860329783509,0.0257963187680801,0.0246619165330006,1,2.18191030745406,2.19584368692214,0.428571428571429,0.178807947019868,7,151,2,2,5,44
16,80170042,rs6564890,T,C,149,0.471518993377686,1,158,1.17325955379289,0.527442976646702,4.3717571557936,0.0261195816844863,0.0235264896543121,1,3.72616369639666,3.74995846585382,0.785714285714286,0.456953642384106,7,151,4,3,36,66
1,63034582,rs1333733,G,A,135,0.427215188741684,1,158,1.25438805789961,0.571626318028685,3.99174346044451,0.0282052503683296,0.0252421703574373,1,3.18222374272952,3.20254498637016,0.714285714285714,0.413907284768212,7,151,3,4,25,75
18,41012064,rs7240958,C,T,131.834396362305,0.417197465896606,1,158,-1.30044013772854,0.595741978984251,-3.81782110778412,0.0290437967456128,0.025867591398337,1,2.93579150398468,2.95453906520406,0.142857142857143,0.429915215005938,7,151,0,2,24,82
2,150052944,rs888103,C,T,64.8205108642578,0.205128207802773,1,158,1.54521975474451,0.708211529701067,3.1081020701162,0.0291197263859533,0.0284151602327164,1,2.01143045225312,2.02427517078676,0.428571428571429,0.194769910037123,7,151,0,6,5,48
2,116771112,rs6735305,C,T,81,0.256329119205475,1,158,-1.33861690922971,0.61480742517234,-3.56395665991817,0.0294585911228399,0.0289468318041759,1,2.66241718249996,2.67941901285906,0,0.268211920529801,7,151,0,0,12,57
2,182032308,rs959382,G,T,113,0.357594937086105,1,158,1.23674270238298,0.568150465467682,3.96470162064803,0.0294964430718902,0.0268051791654114,1,3.20576107949437,3.22623262933398,0.642857142857143,0.344370860927152,7,151,2,5,20,64
22,16220725,rs5749060,T,C,135,0.427215188741684,1,158,-1.20965929580252,0.562758051323172,-3.95531201569728,0.0315932573884593,0.0287156505897692,1,3.26977358783759,3.2906539127613,0.142857142857143,0.440397350993377,7,151,0,2,29,75
5,9144164,rs253634,G,A,137.743591308594,0.435897439718246,1,158,-1.16079019973706,0.542303466938107,-4.07554989979937,0.0323159247237498,0.0296260962031584,1,3.51101336031487,3.53343420928361,0.142857142857143,0.449482085294281,7,151,0,2,33,70
8,114994165,rs869476,C,T,83,0.26265823841095,1,158,-1.25409108290883,0.58590891948984,-3.65316086105558,0.0323208515757705,0.032320864472963,1,2.91299484610176,2.93159683099575,0,0.274834437086093,7,151,0,0,15,53
4,629670,rs10031745,T,C,36,0.113924048841,1,158,1.89345248785876,0.885255115666622,2.38788607758772,0.0324455688375,0.0334744307170341,1,1.26112806785455,1.26918145843951,0.285714285714286,0.105960264900662,7,151,0,4,1,30
11,102337574,rs655316,C,T,96.6114654541016,0.305732488632202,1,158,1.26349253158901,0.593426859855111,3.69520600937065,0.0332421680984303,0.0307142157435757,1,2.92459663748344,2.94327270982331,0.571428571428571,0.293415446944584,7,151,2,4,14,61
18,6467869,rs12956470,G,A,80,0.253164559602737,1,158,-1.2811485016204,0.602745306034367,-3.52457050721793,0.0335430674444137,0.0335891020342988,1,2.75110223581422,2.76867039674005,0,0.264900662251656,7,151,0,0,13,54
11,86205300,rs2511880,C,T,20.2564105987549,0.0641025677323341,1,158,2.29904479597928,1.08931802614241,2.0903431327672,0.0348122226788094,0.0283642180496497,1,0.909222445957962,0.915028615587002,0.214285714285714,0.0571404313606932,7,151,0,3,2,13
17,50273901,rs2934884,T,C,52.3312110900879,0.165605098009109,1,158,1.62801928708841,0.779296133242724,2.66328709979334,0.0366996768626738,0.037317060186981,1,1.63590635621794,1.64635302946458,0.357142857142857,0.156725861576219,7,151,0,5,2,43
4,8491159,rs747580,C,T,101.643310546875,0.321656048297882,1,158,-1.29295808104559,0.61901694570366,-3.48014896841028,0.0367322070023614,0.0339010636291025,1,2.69161778670809,2.70880608811403,0.0714285714285714,0.333256000319854,7,151,0,1,14,73
3,9095004,rs2669989,C,T,51,0.161392405629158,1,158,1.58881676820416,0.761386181227701,2.72045914854162,0.0369114333378089,0.0376158006543984,1,1.71225480683751,1.72318903080089,0.357142857142857,0.152317880794702,7,151,0,5,3,40
2,182804582,rs6705911,A,G,139,0.439873427152634,1,158,1.17649616163544,0.564024324128837,3.81481409343509,0.0369880318538454,0.034131309543362,1,3.2425214954651,3.26322779227087,0.714285714285714,0.427152317880795,7,151,4,2,26,77
7,147461850,rs1918296,A,G,73,0.231012657284737,1,158,-1.33683588030615,0.643631332609787,-3.2160189238755,0.0377996086866593,0.0381282991102561,1,2.40569464902378,2.42105708455317,0,0.241721854304636,7,151,0,0,9,55
2,46820222,rs3814041,C,A,98,0.310126572847366,1,158,1.20964182484654,0.584005981721108,3.6339602302363,0.0383323309391478,0.0360277585421985,1,3.00416218718075,3.02334635419012,0.571428571428571,0.298013245033113,7,151,2,4,15,60
1,66472581,rs599381,G,A,67,0.212025314569473,1,158,-1.44674565493146,0.699589669985323,-2.95018903834157,0.0386408003578496,0.0388326577381649,1,2.03918983843869,2.05221182459887,0,0.221854304635762,7,151,0,0,5,57
5,124694144,rs7701571,G,A,67,0.212025314569473,1,158,-1.44655635342898,0.699768546452053,-2.94818057886699,0.0387160102304117,0.0389119055477583,1,2.03806825214828,2.0510830760125,0,0.221854304635762,7,151,0,0,5,57
5,20135253,rs2060533,T,C,21,0.0664556995034218,1,158,2.15492458161248,1.04309771625413,2.05657514308628,0.0388389179612177,0.0352760249103951,1,0.95436061226207,0.960455028019954,0.214285714285714,0.0596026490066225,7,151,1,1,1,16
11,34737512,rs10466455,T,C,136,0.430379748344421,1,158,-1.09422347831991,0.529811949767628,-3.99996249170246,0.0388941134104117,0.0364302025640553,1,3.65552610682791,3.67886979434242,0.142857142857143,0.443708609271523,7,151,0,2,34,66
10,24317722,rs10764441,C,A,36.2292976379395,0.114649683237076,1,158,1.75410710899893,0.849411714224529,2.37761561415783,0.0389149897218769,0.0411314146167386,1,1.35545634697002,1.36411210498639,0.285714285714286,0.106719534326073,7,151,1,2,1,30
2,76324561,rs1554616,C,T,101,0.319620251655579,1,158,1.24872220171927,0.605334663918578,3.50140949253354,0.0391256901707481,0.0365279188505416,1,2.80399394494044,2.82189986505438,0.571428571428571,0.30794701986755,7,151,2,4,13,67
7,26558120,rs10486474,T,C,23,0.072784811258316,1,158,2.13410915627672,1.03567837253714,1.96557843164515,0.0393421108665002,0.0405491181064896,1,0.92102994163354,0.926911512307827,0.214285714285714,0.0662251655629139,7,151,0,3,1,18
13,83345035,rs9546536,A,C,69.8846130371094,0.22115384042263,1,158,1.47252925799216,0.714731792271529,2.88026220528161,0.0393742350360495,0.0394526357698436,1,1.95599658862394,1.96848731412006,0.428571428571429,0.211538461462551,7,151,0,6,4,55
8,100990479,rs10098852,A,G,118.751594543457,0.375796169042587,1,158,1.16898238306608,0.568442294351141,3.71607415233204,0.0397375979452338,0.037139021575093,1,3.17889662510165,3.1991966222262,0.642857142857143,0.363415868669156,7,151,3,3,20,70
18,5342986,rs4798341,A,G,115,0.36392405629158,1,158,1.10090480553895,0.538380294034039,3.88187305560801,0.0408700403646126,0.038709460901613,1,3.52607513027216,3.54859216163463,0.642857142857143,0.350993377483444,7,151,4,1,22,62
8,17404697,rs2720540,A,G,51,0.161392405629158,1,158,1.5156864269144,0.741230185908744,2.72113938735203,0.0408720593050075,0.0422691560890582,1,1.79531817335836,1.80678282856893,0.357142857142857,0.152317880794702,7,151,0,5,4,38
11,116981352,rs666290,C,T,52,0.164556965231895,1,158,1.54003281324534,0.754077802899933,2.67579173821264,0.0411244487408298,0.0423588657788342,1,1.7374900815093,1.74858545446986,0.357142857142857,0.155629139072848,7,151,1,3,2,43
13,112684646,rs2993285,A,C,142.90446472168,0.452229291200638,1,158,1.17159279949339,0.575508207670962,3.64223252378827,0.041775122362577,0.0388545991416296,1,3.10878705072548,3.12863933773986,0.714285714285714,0.440080988683448,7,151,4,2,26,81
3,128135751,rs6439029,T,G,101.643310546875,0.321656048297882,1,158,-1.21731028515426,0.598469931966327,-3.48346338315426,0.0419478145069467,0.0394715686321237,1,2.86160679461673,2.87988062247374,0.0714285714285714,0.333256000319854,7,151,0,1,16,69
6,6839223,rs1079114,A,G,115.461540222168,0.365384608507156,1,158,1.17239687394429,0.578788679171953,3.58889069024591,0.0428053440557944,0.0402431368963525,1,3.06115682326226,3.0807049501876,0.623626372643879,0.353413143102696,7,151,2,5,19,69
4,16591514,rs13129387,T,C,144.917190551758,0.458598732948303,1,158,-1.21619554162848,0.600626268970332,-3.47882284060493,0.0428797865649287,0.0396937126797281,1,2.86041407120009,2.87868028248921,0.208371247564043,0.470198675496689,7,151,0,3,28,86
16,8088809,rs11865277,C,T,67.4267501831055,0.21337579190731,1,158,-1.34978269323477,0.671150510182451,-2.96790974066052,0.0443098756614281,0.04533770131844,1,2.19880559703124,2.21284686749745,0,0.22326738935038,7,151,0,0,7,53
8,84173387,rs10101007,G,A,128,0.405063301324844,1,158,-1.1354869701865,0.565261879778796,-3.64366599949278,0.0445604305244498,0.0419471526070319,1,3.20890163882225,3.22939324384227,0.142857142857143,0.417218543046358,7,151,0,2,26,74
21,41154053,rs8130020,C,T,122,0.38607594370842,1,158,1.14401169105657,0.573120701544361,3.56673583525012,0.0459220025324904,0.0433837086173593,1,3.11774421811722,3.13765370437201,0.642857142857143,0.374172185430464,7,151,3,3,20,73
8,20694915,rs2898518,G,A,129.821655273438,0.410828024148941,1,158,-1.06706184552833,0.535262044565901,-3.72440322467752,0.0462032575661898,0.0462032575661898,1,3.49033492321476,3.51262372252503,0.142857142857143,0.423250516716218,7,151,0,2,30,68
3,62192561,rs6763419,T,C,25,0.0791139230132103,1,158,2.10702612840462,1.05845601819891,1.88072062802476,0.0465182716763978,0.0465182716763978,1,0.892594829589883,0.898294817545132,0.214285714285714,0.0728476821192053,7,151,0,3,0,22
11,133745734,rs3741099,T,C,68,0.215189874172211,1,158,1.33160347242971,0.66986240863358,2.96758867852088,0.0468253946116118,0.0468253946116118,1,2.22858286266412,2.2428142866578,0.428571428571429,0.205298013245033,7,151,1,4,6,50
6,114283029,rs7747961,T,C,35,0.110759496688843,1,158,1.62352794787645,0.816755605859633,2.43374751540009,0.0468363666837829,0.0468363666837829,1,1.4990487343217,1.50862145359668,0.285714285714286,0.102649006622517,7,151,1,2,3,25
1,65265930,rs6698882,T,C,25,0.0791139230132103,1,158,2.1010819893115,1.05760992642239,1.87841679795486,0.0469631644949354,0.0469631644949354,1,0.894023559057017,0.899732670682362,0.214285714285714,0.0728476821192053,7,151,0,3,0,22
13,29054317,rs280936,G,A,35,0.110759496688843,1,158,1.6208141770811,0.816261172248228,2.43262379005103,0.0470714952821251,0.0470714952821251,1,1.50086532092896,1.51044964067645,0.285714285714286,0.102649006622517,7,151,1,2,3,25
18,27384603,rs7243604,A,G,122.777069091797,0.388535022735596,1,158,-1.17546822622123,0.593705787517018,-3.41955413602188,0.0477166334232194,0.0449749860777899,1,2.90909959090489,2.92767670123433,0.142857142857143,0.399924072998249,7,151,0,2,21,79
1,71816468,rs1041676,C,T,82.5222930908203,0.261146485805511,1,158,-1.2535635110307,0.634624956609712,-3.11251926852368,0.0482361087477014,0.0482361087477014,1,2.48293703600588,2.49879273080682,0.0373066408293588,0.271523178807947,7,151,0,1,10,62
5,35824921,rs1494576,A,G,119,0.376582264900208,1,158,1.04923347693009,0.532320455676412,3.70276225672485,0.0487174602847812,0.0487174602847812,1,3.52901650408508,3.55155231865663,0.642857142857143,0.364238410596026,7,151,4,1,23,64
3,68798408,rs1394259,T,C,100,0.316455692052841,1,158,1.09292116710099,0.555000752096668,3.54814773154253,0.0489272983395785,0.0489272983395785,1,3.24648093416848,3.26721251540586,0.571428571428571,0.304635761589404,7,151,3,2,17,58
5,150465082,rs868531,G,A,69,0.218354433774948,1,158,1.30655839448033,0.668734658275494,2.92160272520697,0.0507275954444436,0.0507275954444436,1,2.23610573974308,2.25038520379628,0.428571428571429,0.208609271523179,7,151,1,4,6,51
2,81953990,rs1432164,A,C,42.2675170898438,0.133757963776588,1,158,1.60481554114245,0.821592152616816,2.37745637426202,0.0507841166855617,0.0507841166855617,1,1.481451489789,1.49091183547794,0.304822566253798,0.125827814569536,7,151,1,2,1,36
16,77689414,rs8048899,T,C,60.769229888916,0.192307695746422,1,158,-1.41814092337998,0.727813736223266,-2.67718814922888,0.0513558450627529,0.0513558450627529,1,1.88781531164625,1.89987064087448,0,0.201222618486708,7,151,0,0,4,52
5,104675112,rs493074,A,G,38,0.120253168046474,1,158,1.64226973338957,0.844946019945016,2.30031101926918,0.0519390427471115,0.0519390427471115,1,1.4006901378627,1.40963475265341,0.285714285714286,0.112582781456954,7,151,1,2,1,32
5,170072766,rs329476,G,A,68,0.215189874172211,1,158,-1.2578061756165,0.648328371419458,-2.99242771538993,0.0523704801006795,0.0523704801006795,1,2.37908492850517,2.39427743801503,0,0.225165562913907,7,151,0,0,9,50
6,139772731,rs11155065,G,A,129,0.408227860927582,1,158,1.14803961776607,0.592785125617003,3.2670988904526,0.0527835392325338,0.0527835392325338,1,2.84580674734024,2.86397967826598,0.642857142857143,0.397350993377483,7,151,2,5,20,80
1,37516373,rs12075954,C,T,37.4743576049805,0.118589743971825,1,158,1.60963572865968,0.831941614094751,2.32563688343352,0.0530155670831288,0.0530155670831288,1,1.44482185753297,1.45404829142258,0.285714285714286,0.110842248264527,7,151,0,4,3,27
6,29463498,rs1419638,C,T,142,0.449367076158524,1,158,1.01445691058705,0.524586813528978,3.68636951346731,0.0531351599898215,0.0531351599898215,1,3.63383547886137,3.65704065300559,0.714285714285714,0.437086092715232,7,151,3,4,33,66
15,93389007,rs8031253,C,T,92.1666641235352,0.291666656732559,1,158,-1.21650520615885,0.630039449159854,-3.06463308369121,0.0535028741869362,0.0535028741869362,1,2.51921082472625,2.53529815895859,0.0714285714285714,0.301876379559372,7,151,0,1,11,70
14,48465623,rs12147817,G,A,142,0.449367076158524,1,158,1.01002220689887,0.523796775859081,3.68133449912067,0.0538214093805204,0.0538214093805204,1,3.64480550425092,3.6680807314702,0.714285714285714,0.437086092715232,7,151,4,2,32,68
1,97296667,rs970337,G,A,167,0.528481006622314,1,158,-1.10126197589643,0.571197467628303,-3.37534444134138,0.0538565942610238,0.0538565942610238,1,3.06497864742296,3.08455117999234,0.285714285714286,0.539735099337748,7,151,1,2,40,83
11,18685226,rs2289965,T,C,123,0.389240503311157,1,158,-1.0829615644736,0.562165096375889,-3.42677261752882,0.0540529553851995,0.0540529553851995,1,3.1642606071569,3.18446714068158,0.142857142857143,0.400662251655629,7,151,0,2,24,73
2,198791763,rs3732231,C,T,118,0.373417735099792,1,158,-1.15647388593551,0.600671807637549,-3.20524574732898,0.0541917430065933,0.0541917430065933,1,2.77156776846383,2.78926661946957,0.142857142857143,0.384105960264901,7,151,0,2,18,80
4,90526003,rs7672015,T,C,147,0.465189874172211,1,158,-1.06163384469723,0.551413663298965,-3.49156160417086,0.0541924909769647,0.0541924909769647,1,3.28885671986712,3.3098589070503,0.214285714285714,0.47682119205298,7,151,0,3,34,76
5,14961578,rs1550825,G,A,102,0.322784811258316,1,158,1.07041930276377,0.556691205322568,3.45402289082506,0.0545021360329589,0.0545021360329589,1,3.22679428697421,3.2474001519872,0.571428571428571,0.311258278145695,7,151,3,2,17,60
2,216276161,rs1317763,T,C,122,0.38607594370842,1,158,-1.09058557260377,0.567983690632705,-3.38055508809118,0.0548452496925996,0.0548452496925996,1,3.09976142451631,3.11955607512168,0.142857142857143,0.397350993377483,7,151,0,2,23,74
7,55821424,rs4543497,C,T,65.4140090942383,0.207006365060806,1,158,-1.26835341802485,0.664033014589092,-2.87647722007487,0.0561234492428224,0.0561234492428224,1,2.26788305151909,2.28236544111966,0,0.216602691159343,7,151,0,0,8,49
20,58465794,rs6128827,A,G,120,0.379746824502945,1,158,-1.105636112573,0.579276338065937,-3.29488785251726,0.0563071837290454,0.0563071837290454,1,2.98008342441847,2.99911382775683,0.142857142857143,0.390728476821192,7,151,0,2,21,76
19,37136408,rs12982128,T,C,123,0.389240503311157,1,158,1.02869529995636,0.539980767168425,3.52801296510573,0.0567723830030914,0.0567723830030914,1,3.42959957652707,3.45150052825734,0.642857142857143,0.377483443708609,7,151,3,3,24,66
9,12517911,rs791691,C,T,141,0.446202546358109,1,158,0.970376345127194,0.510004744468249,3.73071238289827,0.0570821806049999,0.0570821806049999,1,3.84460359285578,3.86915470322022,0.714285714285714,0.433774834437086,7,151,4,2,34,63
1,16410914,rs650298,A,G,144.917190551758,0.458598732948303,1,158,-1.06182534638548,0.558753322652564,-3.40104869922176,0.0573875630113344,0.0573875630113344,1,3.20302082710602,3.22347487807034,0.214285714285714,0.469924494920187,7,151,1,1,31,80
9,104708659,rs4743764,T,C,110,0.348101258277893,1,158,1.1611556308949,0.611302585765114,3.10726266554118,0.0575016956544732,0.0575016956544732,1,2.67600878199799,2.69309740644425,0.571428571428571,0.337748344370861,7,151,2,4,13,76
10,42386511,rs210227,C,T,25.1592350006104,0.0796178355813026,1,158,1.91919790330232,1.01230198242294,1.8728352969021,0.0579765908195508,0.0579765908195508,1,0.975842717251597,0.982074314780688,0.214285714285714,0.0733749525535186,7,151,0,3,1,20
10,26814700,rs786870,C,T,61.1612892150879,0.193548381328583,1,158,1.3507284018285,0.712749120285471,2.65885498868642,0.05807961109419,0.05807961109419,1,1.9684601175833,1.98103043346309,0.384792625904083,0.184682760017597,7,151,0,5,5,45
6,24509633,rs9393553,G,T,60.3821640014648,0.191082805395126,1,158,-1.34490182179704,0.711789802208971,-2.6545264600499,0.0588295665445602,0.0588295665445602,1,1.9737696960682,1.98637391818676,0,0.199940945731094,7,151,0,0,5,50
3,99552155,rs1874655,A,C,90.5732498168945,0.286624193191528,1,158,-1.1808853126002,0.627826671910861,-2.99590610063535,0.059984195803084,0.059984195803084,1,2.53700005298452,2.5532009867846,0.0714285714285714,0.296600160219811,7,151,0,1,11,68
4,118920272,rs2251269,A,G,73,0.231012657284737,1,158,1.27526321256554,0.681193449439255,2.74826689066072,0.0611925759138059,0.0611925759138059,1,2.15505855072211,2.16882045856065,0.428571428571429,0.221854304635762,7,151,0,6,6,55
19,13225012,rs8103699,C,T,99,0.313291132450104,1,158,-1.04047794421169,0.556158751430902,-3.36383997791399,0.0613687807856579,0.0613687807856579,1,3.23297576525044,3.25362110433448,0.0714285714285714,0.324503311258278,7,151,0,1,20,58
9,76189233,rs2842495,A,G,147.936309814453,0.46815288066864,1,158,1.02130872051156,0.546255506205278,3.42267281066754,0.06153189949266,0.06153189949266,1,3.35126171149619,3.37266240838258,0.714285714285714,0.456742734309064,7,151,4,2,31,76
21,38737082,rs2836400,C,T,129.821655273438,0.410828024148941,1,158,1.1447941173013,0.612829731725565,3.04823001260046,0.0617556620846304,0.0617556620846304,1,2.66268839657059,2.67969195886549,0.630118289164134,0.400662251655629,7,151,3,3,17,87
13,48960174,rs967163,A,G,106,0.335443049669266,1,158,1.06251379277308,0.569064060305463,3.28104555220852,0.061884119467028,0.061884119467028,1,3.08800278596406,3.10772234751906,0.571428571428571,0.324503311258278,7,151,3,2,16,66
3,165509040,rs6548339,C,A,90,0.284810125827789,1,158,1.16420863140695,0.623697730923644,2.99283301942296,0.0619542305737081,0.0619542305737081,1,2.57070162399166,2.5871177713942,0.5,0.274834437086093,7,151,2,3,9,65
12,758581,rs2107612,A,G,105,0.332278490066528,1,158,1.04416982843418,0.56046202770167,3.32413576176494,0.0624549689270327,0.0624549689270327,1,3.18352021983795,3.20384974260329,0.571428571428571,0.321192052980132,7,151,3,2,17,63
3,70253628,rs12494970,A,G,60.1419372558594,0.190322577953339,1,158,-1.30067552482438,0.70067089532781,-2.6493590055847,0.063406714078144,0.063406714078144,1,2.03691001715622,2.0499174446909,0,0.199145481681192,7,151,0,0,6,47
6,141268763,rs9399336,G,A,93.5923538208008,0.296178340911865,1,158,-1.09688996153936,0.592092784584994,-3.12884122093551,0.0639448317774437,0.0639448317774437,1,2.85246590874488,2.8706813641605,0.0714285714285714,0.306597207555708,7,151,0,1,15,63
14,33877174,rs944125,A,C,148.942672729492,0.471337586641312,1,158,-0.934789666753612,0.50717848676951,-3.63406135897446,0.0653118216177317,0.0653118216177317,1,3.88757117052334,3.91239666593579,0.210191083805902,0.483443708609272,7,151,0,3,42,62
1,36949878,rs528137,C,T,39.2484092712402,0.124203823506832,1,158,1.50701169905582,0.818978690301321,2.24683624196715,0.0657519422637667,0.0657519422637667,1,1.49092156575483,1.50044238604787,0.285714285714286,0.116716581612628,7,151,0,4,3,29
7,100455305,rs2072168,G,T,78.4968185424805,0.248407647013664,1,158,1.12472670343055,0.61237866851524,2.99921015600653,0.0662612379679236,0.0662612379679236,1,2.66661238402057,2.68364100436024,0.464058235287666,0.23841059602649,7,151,1,4,11,50
9,131697307,rs10901096,C,T,110,0.348101258277893,1,158,-1.18134360595437,0.643387320123536,-2.85385063905069,0.0663382379476787,0.0663382379476787,1,2.41576678001753,2.43119353479172,0.142857142857143,0.357615894039735,7,151,0,2,12,84
13,93718257,rs959390,T,C,73,0.231012657284737,1,158,1.22188691262269,0.666712207112054,2.74886998628341,0.0668464272021551,0.0668464272021551,1,2.24969263348862,2.26405886157868,0.428571428571429,0.221854304635762,7,151,1,4,6,55
16,6104479,rs10500331,C,T,39.2484092712402,0.124203823506832,1,158,1.49398849246499,0.815555987124562,2.24615484219866,0.066971531793724,0.066971531793724,1,1.50346194333307,1.51306284475451,0.285714285714286,0.116716581612628,7,151,1,2,2,31
20,33308354,rs2425024,A,C,115,0.36392405629158,1,158,-1.08656569832286,0.594230016683104,-3.07713690678642,0.0674704799916291,0.0674704799916291,1,2.83198421552976,2.85006887766633,0.142857142857143,0.374172185430464,7,151,0,2,18,77
12,119417210,rs3742049,C,T,55,0.174050629138947,1,158,1.31038400764926,0.717237803984632,2.54725392337062,0.067701752573235,0.067701752573235,1,1.94389881782838,1.95631228862222,0.357142857142857,0.165562913907285,7,151,1,3,4,42
12,41538986,rs7957392,G,A,26,0.0822784826159477,1,158,1.81070542642626,0.992586710034669,1.837853505656,0.0681174644181323,0.0681174644181323,1,1.01499309541659,1.02147470188208,0.214285714285714,0.076158940397351,7,151,1,1,0,23
13,39681323,rs9603697,C,T,94.8000030517578,0.300000011920929,1,158,1.19471787193675,0.655531195311236,2.78021660657012,0.0683763166389997,0.0683763166389997,1,2.32709049715907,2.34195097737345,0.5,0.290728477058032,7,151,1,5,8,73
5,124555972,rs1550370,A,C,53,0.167721524834633,1,158,-1.41824618898036,0.779781537314216,-2.33241447845585,0.0689459551176188,0.0689459551176188,1,1.64457658802717,1.655078628183,0,0.175496688741722,7,151,0,0,2,49
14,39662131,rs4989895,G,T,147,0.465189874172211,1,158,0.954566063403558,0.525086195978777,3.46214129302653,0.0690759633206827,0.0690759633206827,1,3.62692685792963,3.65008791456971,0.714285714285714,0.45364238410596,7,151,3,4,35,67
8,15843882,rs4430096,C,T,143.910827636719,0.455414026975632,1,158,-0.984334316566476,0.541575225248343,-3.35602392332219,0.0691345592211829,0.0691345592211829,1,3.40943505355839,3.43120723741523,0.214285714285714,0.466592145874011,7,151,1,1,33,75
6,67778209,rs12203791,C,T,26,0.0822784826159477,1,158,1.80087528766025,0.990918244879827,1.83403656134967,0.0691589035374257,0.0691589035374257,1,1.01841397564654,1.02491742738321,0.214285714285714,0.076158940397351,7,151,1,1,0,23
15,49083699,rs714784,C,T,130,0.411392390727997,1,158,1.02129999215512,0.56310538779281,3.22087568765119,0.0697250876174621,0.0697250876174621,1,3.15370186271577,3.17384096954903,0.642857142857143,0.400662251655629,7,151,2,5,24,73
10,94116631,rs11186940,T,C,138,0.436708867549896,1,158,-1.0553450384469,0.583949047669419,-3.09488533913893,0.0707224749132424,0.0707224749132424,1,2.93258150310112,2.95130856569586,0.214285714285714,0.447019867549669,7,151,1,1,25,85
18,52867393,rs1657386,T,C,66.8461532592773,0.211538463830948,1,158,1.07849701638574,0.59783638231795,3.01754854493964,0.0712312590480567,0.0712312590480567,1,2.79792016027272,2.8157872940322,0.428571428571429,0.201477330646768,7,151,2,2,12,36
3,139063129,rs10513042,G,T,42,0.132911399006844,1,158,1.53111131346812,0.84904100824439,2.12397515161703,0.0713345197308497,0.0713345197308497,1,1.387211454147,1.39606999591522,0.285714285714286,0.125827814569536,7,151,0,4,1,36
1,95334362,rs2148796,T,C,142,0.449367076158524,1,158,-0.992549257085919,0.550670774637486,-3.27316585803693,0.0714767131017462,0.0714767131017462,1,3.29773644448317,3.31879533636783,0.214285714285714,0.460264900662252,7,151,0,3,32,75
5,78257702,rs337895,T,C,60,0.189873412251472,1,158,-1.22977704414996,0.682325485870942,-2.64145487396868,0.0714931898672564,0.0714931898672564,1,2.14791362916885,2.16162991051994,0,0.198675496688742,7,151,0,0,7,46
1,92047927,rs9661103,C,T,88,0.278481006622314,1,158,-1.12433188974518,0.625091544654228,-2.87744664846807,0.0720712817585473,0.0720712817585473,1,2.55925023092623,2.57559325130587,0.0714285714285714,0.288079470198675,7,151,0,1,11,65
14,61825486,rs12897574,T,C,170.076431274414,0.538216531276703,1,158,0.938581996657821,0.522607163464701,3.43654078744499,0.0725007463610921,0.0725007463610921,1,3.66141775538217,3.68479906615495,0.785714285714286,0.52674315583627,7,151,4,3,46,67
6,148506956,rs1934793,A,G,40,0.126582279801369,1,158,1.45846226814433,0.812237285772725,2.21069767328195,0.0725563928328287,0.0725563928328287,1,1.51577296277588,1.52545248067616,0.285714285714286,0.119205298013245,7,151,0,4,3,30
11,368188,rs7481525,T,C,110.700637817383,0.35031846165657,1,158,-1.01088966910042,0.563573309274836,-3.1827529152493,0.0728587348726482,0.0728587348726482,1,3.14846714981428,3.16857282849011,0.121474065950939,0.360927152317881,7,151,0,2,21,67
1,63267209,rs10789132,A,G,108.687896728516,0.343949049711227,1,158,-1.03168314310156,0.575918563312954,-3.11045684491815,0.073233965875934,0.073233965875934,1,3.01493425158345,3.0341872075162,0.120564149958747,0.354304635761589,7,151,0,2,19,69
2,205311524,rs10932078,T,C,88.5605087280273,0.280254781246185,1,158,-1.10366907871357,0.616236778499717,-2.90632144310384,0.0732961573353279,0.0732961573353279,1,2.63332687230074,2.6501429359354,0.0714285714285714,0.289935462127458,7,151,0,1,12,64
12,58576619,rs7304290,G,A,141,0.446202546358109,1,158,-0.992916458875323,0.555024051206646,-3.22321372418391,0.0736210742486333,0.0736210742486333,1,3.24620837470541,3.2669382154155,0.214285714285714,0.456953642384106,7,151,0,3,31,76
12,9911534,rs1597097,T,C,150.955413818359,0.477706998586655,1,158,0.966361238068192,0.541777697592489,3.29228372470892,0.07447471918248,0.07447471918248,1,3.40688719188527,3.42864310544749,0.714285714285714,0.466739781447594,7,151,4,2,33,75
13,68649090,rs12429777,T,C,39.2484092712402,0.124203823506832,1,158,1.41595049138468,0.793996688161589,2.24600483403123,0.0745341625046674,0.0745341625046674,1,1.58621706598995,1.5963464302556,0.285714285714286,0.116716581612628,7,151,1,2,3,29
1,229057980,rs2039490,A,C,152.968154907227,0.48407644033432,1,158,0.989767145661586,0.556282368023807,3.19847119811211,0.0751982710404556,0.0751982710404556,1,3.23153906667024,3.25217523119452,0.714285714285714,0.473404479737313,7,151,3,4,33,77
17,7251197,rs11078674,C,A,92,0.291139245033264,1,158,-1.03358716789088,0.581306355969249,-3.05870058255137,0.0753969423908193,0.0753969423908193,1,2.95930587914796,2.97820359993668,0.0714285714285714,0.301324503311258,7,151,0,1,16,59
3,134702477,rs6439416,G,T,139.885345458984,0.442675173282623,1,158,-0.994446791967645,0.559597837073077,-3.17562707964427,0.0755560579097631,0.0755560579097631,1,3.19336047468249,3.21375283596339,0.214285714285714,0.453262749491938,7,151,0,3,30,77
2,132960807,rs12691770,A,G,135,0.427215188741684,1,158,1.05310864201838,0.592629839294467,2.99851445841414,0.0755667357640367,0.0755667357640367,1,2.84729831166061,2.86548076751119,0.642857142857143,0.417218543046358,7,151,2,5,22,82
11,36083499,rs7928494,C,T,134.853500366211,0.426751583814621,1,158,-1.06896899683923,0.601932206684232,-2.95032559837928,0.0757500607365772,0.0757500607365772,1,2.7599730273777,2.77759783595977,0.214285714285714,0.436601003866322,7,151,0,3,23,86
7,25028976,rs10263792,A,C,135.859878540039,0.429936319589615,1,158,-0.995815193807996,0.563494430015392,-3.136169257182,0.0771924113528439,0.0771924113528439,1,3.14934867100118,3.16945997895021,0.204276617084231,0.440397350993377,7,151,0,3,28,77
2,190255683,rs2304704,G,A,111,0.35126581788063,1,158,1.01836098152545,0.576857996999078,3.06029938982002,0.077503587812987,0.077503587812987,1,3.00512239307898,3.02431269183129,0.571428571428571,0.341059602649007,7,151,3,2,16,71
12,18267461,rs4366546,A,C,110,0.348101258277893,1,158,1.00191804999357,0.567594792164385,3.10996424933142,0.077530240655485,0.077530240655485,1,3.10401060181657,3.12383238708442,0.571428571428571,0.337748344370861,7,151,3,2,17,68
21,22429921,rs2827251,C,T,27,0.0854430347681046,1,158,1.73623497291035,0.984377744739193,1.79178100036861,0.0777674528699687,0.0777674528699687,1,1.03199222934967,1.03858238994908,0.214285714285714,0.0794701986754967,7,151,0,3,1,22
17,35323475,rs7216389,C,T,162,0.51265823841095,1,158,-0.985284333003484,0.558764852367306,-3.15575600164566,0.0778456007521459,0.0778456007521459,1,3.20288864436302,3.2233418512265,0.285714285714286,0.52317880794702,7,151,1,2,39,80
5,120685591,rs3853397,G,A,88.5605087280273,0.280254781246185,1,158,-1.06905628547586,0.606623081898274,-2.9051108545313,0.0780173911985339,0.0780173911985339,1,2.71745360277095,2.73480688814889,0.0714285714285714,0.289935462127458,7,151,0,1,13,62
3,59414325,rs6795120,A,G,156,0.493670880794525,1,158,1.01173810290648,0.574628749643724,3.0640327632327,0.0782923569008911,0.0782923569008911,1,3.02848410515573,3.04782358859188,0.714285714285714,0.483443708609272,7,151,3,4,32,82
6,75546761,rs756258,A,G,58,0.183544307947159,1,158,1.28319009801461,0.72908214447674,2.41400449814898,0.0784065220034486,0.0784065220034486,1,1.8812524363179,1.8932658559259,0.357142857142857,0.175496688741722,7,151,0,5,4,45
16,85654078,rs11646219,T,G,151.923080444336,0.480769217014313,1,158,0.957163846280277,0.545972262946028,3.21103564528048,0.0795785971779197,0.0795785971779197,1,3.3547397948211,3.37616270226979,0.711538459573473,0.470071319317976,7,151,3,4,34,74
4,111228369,rs3796947,T,C,24.1528663635254,0.0764331221580505,1,158,1.59697483569534,0.912863264764267,1.91640198269757,0.0802196604278882,0.0802196604278882,1,1.20002015051361,1.20768331433356,0.214285714285714,0.0700426034580003,7,151,0,3,4,13
3,62997405,rs6789592,G,A,52,0.164556965231895,1,158,-1.33591784934152,0.763836895057262,-2.28969949648889,0.0802984604811171,0.0802984604811171,1,1.71395231946148,1.72489738350727,0,0.172185430463576,7,151,0,0,3,46
